样品编号,水化学组,pH设定,EC,分组,DIPt0,DIPt10,DIPt30,DIPt60,pH t0,pH t60,EC t0,EC t60,Fe60(mg/L),medium,R10,R30,R60,pH_drift,EC_relative_drift_pct,pH_centered,log10_EC_centered
B1-C-A,B1,7.0,100,对照,0.406,0.408,0.402,0.398,7.02,7.04,104,103,0.016,0,-0.4926108374384104,0.9852216748768481,1.9704433497536962,0.020000000000000462,-0.9615384615384616,-0.75,-0.5
B1-C-B,B1,7.0,100,对照,0.395,0.393,0.386,0.392,7.01,7.02,103,101,0.013,0,0.5063291139240511,2.2784810126582298,0.7594936708860766,0.009999999999999787,-1.941747572815534,-0.75,-0.5
B1-C-C,B1,7.0,100,对照,0.399,0.402,0.395,0.397,7.03,7.02,101,102,0.008,0,-0.7518796992481209,1.0025062656641612,0.5012531328320806,-0.010000000000000675,0.9900990099009901,-0.75,-0.5
B1-M-A,B1,7.0,100,GFH,0.395,0.276,0.163,0.101,7.03,7.04,102,103,0.111,1,30.126582278481006,58.73417721518988,74.43037974683546,0.009999999999999787,0.9803921568627451,-0.75,-0.5
B1-M-B,B1,7.0,100,GFH,0.404,0.291,0.17,0.112,7.02,7.0,100,102,0.114,1,27.97029702970298,57.92079207920792,72.27722772277228,-0.019999999999999574,2.0,-0.75,-0.5
B1-M-C,B1,7.0,100,GFH,0.394,0.265,0.156,0.098,7.03,7.02,103,101,0.099,1,32.74111675126903,60.40609137055837,75.1269035532995,-0.010000000000000675,-1.941747572815534,-0.75,-0.5
B2-C-A,B2,7.0,1000,对照,0.403,0.402,0.401,0.396,7.0,7.02,1002,1011,0.01,0,0.24813895781637738,0.49627791563275475,1.7369727047146417,0.019999999999999574,0.8982035928143712,-0.75,0.5
B2-C-B,B2,7.0,1000,对照,0.395,0.393,0.396,0.392,7.02,7.01,1006,1008,0.009,0,0.5063291139240511,-0.25316455696202556,0.7594936708860766,-0.009999999999999787,0.1988071570576541,-0.75,0.5
B2-C-C,B2,7.0,1000,对照,0.398,0.395,0.388,0.391,7.03,7.03,1003,1004,0.006,0,0.7537688442211061,2.5125628140703538,1.7587939698492476,0.0,0.09970089730807577,-0.75,0.5
B2-M-A,B2,7.0,1000,GFH,0.406,0.29,0.191,0.134,7.01,7.06,1004,1005,0.093,1,28.57142857142858,52.95566502463055,66.99507389162562,0.04999999999999982,0.099601593625498,-0.75,0.5
B2-M-B,B2,7.0,1000,GFH,0.397,0.279,0.18,0.127,7.0,7.08,1002,1011,0.102,1,29.722921914357677,54.65994962216625,68.01007556675063,0.08000000000000007,0.8982035928143712,-0.75,0.5
B2-M-C,B2,7.0,1000,GFH,0.396,0.274,0.177,0.122,7.03,7.1,1003,1009,0.095,1,30.808080808080806,55.303030303030305,69.1919191919192,0.0699999999999994,0.5982053838484547,-0.75,0.5
B3-C-A,B3,8.5,100,对照,0.4,0.392,0.39,0.384,8.52,8.51,103,102,0.011,0,2.0000000000000018,2.500000000000002,4.0000000000000036,-0.009999999999999787,-0.970873786407767,0.75,-0.5
B3-C-B,B3,8.5,100,对照,0.405,0.401,0.398,0.393,8.49,8.5,104,101,0.01,0,0.9876543209876552,1.7283950617283965,2.9629629629629655,0.009999999999999787,-2.8846153846153846,0.75,-0.5
B3-C-C,B3,8.5,100,对照,0.397,0.394,0.392,0.387,8.52,8.53,102,103,0.008,0,0.7556675062972299,1.2594458438287164,2.5188916876574328,0.009999999999999787,0.9803921568627451,0.75,-0.5
B3-M-A,B3,8.5,100,GFH,0.398,0.335,0.251,0.211,8.48,8.46,101,102,0.037,1,15.829145728643216,36.934673366834176,46.98492462311558,-0.019999999999999574,0.9900990099009901,0.75,-0.5
B3-M-B,B3,8.5,100,GFH,0.406,0.342,0.262,0.22,8.49,8.42,100,103,0.043,1,15.763546798029557,35.467980295566505,45.8128078817734,-0.07000000000000028,3.0,0.75,-0.5
B3-M-C,B3,8.5,100,GFH,0.4,0.329,0.243,0.202,8.51,8.41,104,106,0.04,1,17.75,39.25000000000001,49.5,-0.09999999999999964,1.9230769230769231,0.75,-0.5
B4-C-A,B4,8.5,1000,对照,0.398,0.399,0.398,0.395,8.47,8.49,1003,1008,0.007,0,-0.2512562814070354,0.0,0.7537688442211061,0.019999999999999574,0.4985044865403789,0.75,0.5
B4-C-B,B4,8.5,1000,对照,0.394,0.395,0.401,0.398,8.45,8.46,1004,1010,0.005,0,-0.253807106598985,-1.776649746192895,-1.01522842639594,0.010000000000001563,0.5976095617529881,0.75,0.5
B4-C-C,B4,8.5,1000,对照,0.405,0.397,0.395,0.392,8.51,8.5,1003,1005,0.012,0,1.9753086419753103,2.469135802469138,3.2098765432098793,-0.009999999999999787,0.19940179461615154,0.75,0.5
B4-M-A,B4,8.5,1000,GFH,0.401,0.362,0.306,0.273,8.52,8.46,1006,1012,0.034,1,9.725685785536168,23.69077306733168,31.920199501246884,-0.05999999999999872,0.5964214711729622,0.75,0.5
B4-M-B,B4,8.5,1000,GFH,0.394,0.353,0.299,0.263,8.47,8.41,1005,1007,0.027,1,10.406091370558384,24.11167512690356,33.24873096446701,-0.0600000000000005,0.19900497512437812,0.75,0.5
B4-M-C,B4,8.5,1000,GFH,0.406,0.371,0.314,0.284,8.49,8.44,1002,1008,0.029,1,8.620689655172422,22.660098522167495,30.04926108374385,-0.05000000000000071,0.5988023952095808,0.75,0.5
CTR-C-A,CTR,7.9,418,对照,0.401,0.405,0.398,0.393,7.88,7.89,419,422,0.012,0,-0.9975062344139659,0.7481296758104744,1.9950124688279318,0.009999999999999787,0.7159904534606205,0.15000000000000036,0.12117628177503503
CTR-C-B,CTR,7.9,418,对照,0.394,0.395,0.393,0.392,7.91,7.92,420,424,0.008,0,-0.253807106598985,0.253807106598985,0.50761421319797,0.009999999999999787,0.9523809523809523,0.15000000000000036,0.12117628177503503
CTR-C-C,CTR,7.9,418,对照,0.407,0.4,0.394,0.391,7.92,7.9,418,422,0.009,0,1.719901719901708,3.1941031941031834,3.9312039312039215,-0.019999999999999574,0.9569377990430622,0.15000000000000036,0.12117628177503503
CTR-M-A,CTR,7.9,418,GFH,0.395,0.304,0.212,0.157,7.88,7.93,419,421,0.074,1,23.03797468354431,46.32911392405063,60.25316455696203,0.04999999999999982,0.477326968973747,0.15000000000000036,0.12117628177503503
CTR-M-B,CTR,7.9,418,GFH,0.4,0.291,0.198,0.149,7.9,7.91,421,424,0.08,1,27.250000000000007,50.50000000000001,62.75,0.009999999999999787,0.7125890736342043,0.15000000000000036,0.12117628177503503
CTR-M-C,CTR,7.9,418,GFH,0.406,0.318,0.225,0.166,7.92,7.94,417,423,0.072,1,21.674876847290644,44.58128078817734,59.11330049261084,0.020000000000000462,1.4388489208633093,0.15000000000000036,0.12117628177503503
