model,n,mae,rmse,r2,spearman,n_total,parameter,task,coverage90,mean_interval_width
main_groupdro,1683,1.4331350611684794,2.415581264770097,-0.0912187541374793,0.2004114384020595,1749,NO3N,spatial,0.934819897084048,9.954060600578114
main_groupdro,1636,1.7935198371254786,2.9633819391737504,-0.2326283019795305,0.2406869889098772,1697,NO3N,spatial_temporal,0.9063052445492044,9.27592170915832
main_groupdro,12490,1.056577282193351,2.000522120590715,0.3957640799829001,0.7605189324139852,13161,NO3N,temporal,0.97636957677988,18.53415352072943
main_groupdro,1243,0.075926131170712,0.157470066062824,-0.0723724742907339,0.0184988188257821,1327,TP,spatial,0.92991710625471,0.297578608435944
main_groupdro,1680,0.0901811565093717,0.2199188632080031,-0.0231576919728075,0.1315263299527837,1733,TP,spatial_temporal,0.9053664166185804,0.2665410832823652
main_groupdro,10883,0.1133710474437416,0.2822701795556835,0.1286489295843569,0.5258362458550356,12540,TP,temporal,0.9158692185007976,0.3385173206772173
main_groupdro,1106,1.7616063389202952,2.230523417276069,0.0571419745034301,0.5354648489064769,1106,O2-Dis,spatial,0.9113924050632912,7.225309391106002
main_groupdro,1270,1.6675104991216738,2.124101496787593,0.1448975029453861,0.4529987001523433,1272,O2-Dis,spatial_temporal,0.8922955974842768,7.198828127990981
main_groupdro,9819,1.5207359925058916,2.0591730161581654,0.2818579234489192,0.5729817303567423,9824,O2-Dis,temporal,0.9495114006514658,9.305672654868724
main_groupdro,241,9.267476764853663,14.089511915798765,0.0928806860778812,-0.0163706455205744,276,TSS,spatial,0.8043478260869565,36.03013568224273
main_groupdro,256,7.779847858423373,12.97252719006125,-0.1493756554185235,-0.1871743784207184,290,TSS,spatial_temporal,0.8344827586206897,36.67102241425265
main_groupdro,2611,17.58177114127496,50.496768138928246,-0.0405912835856661,0.4929136960402068,4238,TSS,temporal,0.8938178386031147,36.5422585773322
main_groupdro,449,4.002556511218603,4.955736018113004,0.5152991240146975,0.7382018174184627,449,TEMP,spatial,0.8775055679287305,15.547396495351158
main_groupdro,495,4.062993702684679,5.007297365523268,0.4413560498856747,0.6852412088981727,495,TEMP,spatial_temporal,0.8828282828282829,15.35289985958054
main_groupdro,7259,3.548532156872282,4.591377460590122,0.485133289857851,0.7119244268429306,7259,TEMP,temporal,0.9439316710290674,17.750111588516244
main_groupdro,1057,0.2449554563223209,0.367640793927901,0.4166887015242074,0.6233563103002147,1057,pH,spatial,0.902554399243141,1.06892766019839
main_groupdro,1136,0.2244333194007164,0.3116311253572756,0.4658250860585113,0.6026238933327563,1136,pH,spatial_temporal,0.925176056338028,1.0840873054538689
main_groupdro,10040,0.2491435854656672,0.337057768875663,0.5211966021024932,0.6268050177595201,10040,pH,temporal,0.8640438247011952,0.9472431776039838
main_groupdro,1053,1096.5756932099016,6238.823292272124,0.0415284234784786,0.6401752701345912,1053,EC,spatial,0.8964862298195632,916.5874710412652
main_groupdro,1159,253.21474048139544,788.3840997698326,0.1933388262216847,0.6671167978711923,1159,EC,spatial_temporal,0.908541846419327,903.4339638981664
main_groupdro,9844,213.71391315395368,1063.941607983213,0.1372073187745349,0.7540446094560268,9844,EC,temporal,0.8618447785453068,639.9019503810646
no_graph,1683,1.454275672502382,2.526428222859964,-0.1936649580636507,0.1741565131459896,1749,NO3N,spatial,0.9416809605488852,6.040022364513814
no_graph,1636,1.8882978431799124,3.1257003168576887,-0.3713602262486566,0.1969759743215481,1697,NO3N,spatial_temporal,0.8945197407189157,6.131644497692668
no_graph,12490,1.655454336868792,2.907634343918474,-0.2764370549671593,0.3961847486939858,13161,NO3N,temporal,0.906770002279462,5.941673726453819
no_graph,1243,0.0721895001832831,0.1522309009917302,-0.0022020209877393,0.0789028792134471,1327,TP,spatial,0.961567445365486,0.3298817153507672
no_graph,1680,0.0899109495841307,0.2176609659928921,-0.0022561141197214,0.1266715327990616,1733,TP,spatial_temporal,0.9376803231390652,0.328679126297268
no_graph,10883,0.1145333978565693,0.3047294066658203,-0.0155279998168225,0.1619475757118876,12540,TP,temporal,0.9204944178628388,0.3260278580454823
no_graph,1106,2.3406631660806005,2.837872453358168,-0.5262246825443553,0.1551747226765731,1106,O2-Dis,spatial,0.933996383363472,8.474496159200529
no_graph,1270,2.099137848151938,2.557365945863628,-0.2395196050836563,0.1914664094383347,1272,O2-Dis,spatial_temporal,0.9276729559748428,8.489740285360885
no_graph,9819,2.151774357480902,2.689541619728206,-0.2251273481193565,0.1078237636555098,9824,O2-Dis,temporal,0.9449307817589576,9.359550798914697
no_graph,241,10.672744592300338,14.570268976344131,0.0299197678159006,0.1927897123152943,276,TSS,spatial,0.7971014492753623,52.532091160907775
no_graph,256,8.501672141923617,12.491318226299416,-0.0656862441546788,0.0374867374224128,290,TSS,spatial_temporal,0.8310344827586207,50.90470286697112
no_graph,2611,19.21772208719233,50.55125214113877,-0.0428380081195836,0.0815592020962519,4238,TSS,temporal,0.7423312883435583,44.426846679607216
no_graph,449,6.603695982989291,7.807339494900555,-0.2029943988215974,-0.0349688287792981,449,TEMP,spatial,0.9153674832962138,26.580920545522726
no_graph,495,6.408344422899444,7.758314321076056,-0.3411059042363789,-0.0504884032556387,495,TEMP,spatial_temporal,0.9272727272727272,26.77969235463766
no_graph,7259,5.4190801627118965,6.582782714916554,-0.0583464486350915,-0.2130883765024045,7259,TEMP,temporal,0.927675988428158,23.52395081248166
no_graph,1057,0.4443481295481689,0.5685221580053442,-0.3949151455687358,0.2657361292779827,1057,pH,spatial,0.89120151371807,1.4916820033896507
no_graph,1136,0.3384349370045609,0.4512712509014188,-0.1201525358718456,0.2853421218181875,1136,pH,spatial_temporal,0.9339788732394366,1.425096314864288
no_graph,10040,0.3799359889111803,0.4905354771585811,-0.0141200878160994,0.2545721717859366,10040,pH,temporal,0.8495019920318725,1.3117850563628857
no_graph,1053,1282.761114991548,6494.735331165351,-0.0387159106490349,0.2525437984368074,1053,EC,spatial,0.8670465337132004,1009.7444424715304
no_graph,1159,440.2453646651435,973.5037833851892,-0.2299592635343188,0.1089813366662935,1159,EC,spatial_temporal,0.8515962036238136,924.758761831135
no_graph,9844,367.7812205403909,1190.1827792628344,-0.0796877902164503,0.2581766877582523,9844,EC,temporal,0.8630637952052012,900.5640230589609
undirected,1683,1.4383776347342812,2.435064782717745,-0.1088927796418746,0.1854736683695212,1749,NO3N,spatial,0.9359634076615208,10.6737777995484
undirected,1636,1.8140585225699737,2.9915915449717096,-0.2562077549359467,0.2161190366444514,1697,NO3N,spatial_temporal,0.901591043017089,9.880431828566124
undirected,12490,1.0612420489018637,2.0136592381354803,0.3878021766763877,0.7587440501514968,13161,NO3N,temporal,0.9767494871210396,20.85461067033069
undirected,1243,0.0745120790659201,0.1561851280147414,-0.0549429990603638,0.0847329141981624,1327,TP,spatial,0.9284099472494348,0.2968136698395666
undirected,1680,0.0894757984383502,0.2197243043148871,-0.0213481484849415,0.1663121756808404,1733,TP,spatial_temporal,0.9053664166185804,0.267989019360871
undirected,10883,0.1134971408180049,0.2821310088893293,0.1295079407248976,0.5248137116426417,12540,TP,temporal,0.9236842105263158,0.3496913889240777
undirected,1106,1.7494248881403325,2.2185185717943323,0.067263729179487,0.5459154836252457,1106,O2-Dis,spatial,0.9095840867992768,7.181012167492319
undirected,1270,1.658227506593015,2.1116769977968053,0.1548717419561762,0.4640697686136174,1272,O2-Dis,spatial_temporal,0.8962264150943396,7.122338292252553
undirected,9819,1.5193292023230596,2.056511617160837,0.2837130638107452,0.5757744653491277,9824,O2-Dis,temporal,0.948900651465798,9.16177939021224
undirected,241,9.32680528546658,14.267584032015575,0.0698062981884202,-0.0341966978340561,276,TSS,spatial,0.8007246376811594,35.062685864823855
undirected,256,7.645173859374831,12.934215701777005,-0.1425968268149313,-0.1736699394425959,290,TSS,spatial_temporal,0.8344827586206897,35.76701001624889
undirected,2611,17.616296985946057,50.63323061172392,-0.0462230710295035,0.4963093356728701,4238,TSS,temporal,0.8931099575271354,34.47519383106489
undirected,449,3.9783899733895423,4.934751237433801,0.519395309347588,0.7409101759875407,449,TEMP,spatial,0.888641425389755,15.644866807108134
undirected,495,4.007473816901267,4.938517028421186,0.4565977349441903,0.6937224330782983,495,TEMP,spatial_temporal,0.8929292929292929,15.384353217312464
undirected,7259,3.563953220955889,4.602079726825941,0.4827302364387444,0.7166574591776665,7259,TEMP,temporal,0.9458603113376498,17.991340736363796
undirected,1057,0.2484741040043412,0.3730402446045617,0.3994289792531992,0.6095128725333405,1057,pH,spatial,0.8949858088930936,1.0638453999004371
undirected,1136,0.2240458793373104,0.3108039367410155,0.4686571328886117,0.5984694328731245,1136,pH,spatial_temporal,0.9234154929577464,1.078213066668955
undirected,10040,0.2498341488331404,0.3372545437447237,0.5206373865228804,0.626943726749939,10040,pH,temporal,0.8643426294820717,0.9467602473317636
undirected,1053,1103.6829459049757,6267.865698419082,0.0325840728980736,0.643773052236745,1053,EC,spatial,0.9012345679012346,864.8950252380563
undirected,1159,254.32868721538608,800.5050474419135,0.1683442593472928,0.6806253933166403,1159,EC,spatial_temporal,0.9154443485763588,877.1404252865046
undirected,9844,212.33414747940276,1071.2943605644534,0.1252408311860486,0.7674467780688466,9844,EC,temporal,0.8740349451442503,605.5857994510029
no_decay,1683,1.4151595323330164,2.459745755906034,-0.1314854040720403,0.2463981478413964,1749,NO3N,spatial,0.9359634076615208,8.313626844248995
no_decay,1636,1.8383584275685088,3.0519259309507154,-0.307389083538897,0.2940220424349892,1697,NO3N,spatial_temporal,0.8880377136122569,7.7121987839495025
no_decay,12490,1.153347815347448,2.1872272785214983,0.2777165717533378,0.7653609746732611,13161,NO3N,temporal,0.97477395334701,14.687077761563124
no_decay,1243,0.0764868295130265,0.1611548623814532,-0.1231466493759396,-0.0916583852898378,1327,TP,spatial,0.9306706857573472,0.2947219972653075
no_decay,1680,0.0943454963096094,0.225776855022304,-0.0783914804068319,0.0532994900566789,1733,TP,spatial_temporal,0.9059434506635892,0.2617586341189045
no_decay,10883,0.1093312067757496,0.2825930921483353,0.1266541657362232,0.5272978153776939,12540,TP,temporal,0.949920255183413,0.3675859909474188
no_decay,1106,1.709274505112588,2.193114671503108,0.0885026540208878,0.4719535373914861,1106,O2-Dis,spatial,0.9276672694394212,7.652626602422864
no_decay,1270,1.6260611824593507,2.1344958703531187,0.1365080711639832,0.4191581814727111,1272,O2-Dis,spatial_temporal,0.9064465408805032,7.628445822844232
no_decay,9819,1.580902780368124,2.145596195112444,0.2203123111351307,0.5048057206482497,9824,O2-Dis,temporal,0.9441164495114006,10.622109223896604
no_decay,241,9.442798056527453,14.001797492223869,0.1041400929563416,-0.0742334674292185,276,TSS,spatial,0.8079710144927537,38.02435454598542
no_decay,256,7.970299703182145,13.080319125283438,-0.168555905330423,-0.2380664810178017,290,TSS,spatial_temporal,0.8482758620689655,38.68588409768186
no_decay,2611,17.739312855983286,50.75698278734725,-0.0513434475388063,0.484544367145712,4238,TSS,temporal,0.8975932043416706,35.45288837697161
no_decay,449,4.548426327919125,5.486997571105503,0.4058077106188912,0.7376235808421582,449,TEMP,spatial,0.8841870824053452,17.727684540354485
no_decay,495,4.598508178953651,5.561352925486597,0.31088889907482,0.6407956562268942,495,TEMP,spatial_temporal,0.8868686868686869,17.712611789324963
no_decay,7259,3.950356937000053,5.0388901389327945,0.3798759195833715,0.6665146926191721,7259,TEMP,temporal,0.9531615925058547,19.80498718698465
no_decay,1057,0.2515864760361098,0.3749045759830205,0.3934110695595193,0.6197031732481273,1057,pH,spatial,0.9063386944181646,1.084736433199034
no_decay,1136,0.2270355139282521,0.3140010343638806,0.4576695489323439,0.615280120758104,1136,pH,spatial_temporal,0.9278169014084507,1.1003438577356517
no_decay,10040,0.2491329958402506,0.3348277149903759,0.527511395638901,0.6235961442414771,10040,pH,temporal,0.8747011952191235,0.9715760614121144
no_decay,1053,1099.3616114389006,6241.995482704541,0.0405534872776534,0.6472717722679083,1053,EC,spatial,0.9088319088319088,997.7337998506111
no_decay,1159,250.62774910471876,784.7611420074082,0.2007356884944645,0.6725395418663187,1159,EC,spatial_temporal,0.9188955996548748,989.0234850275336
no_decay,9844,234.52514602444649,1064.5987306662032,0.1361412156663192,0.7356142806601688,9844,EC,temporal,0.857273466070703,785.5055080609702
substitute_censor,1683,1.4411402442015395,2.3981690834208766,-0.0755438367370999,0.1917905777545825,1749,NO3N,spatial,0.9371069182389936,10.758126595198064
substitute_censor,1636,1.7792727002626,2.93113360384279,-0.205946675863226,0.2391991934727666,1697,NO3N,spatial_temporal,0.91101944608132,9.978252179129468
substitute_censor,12490,1.049083568083968,1.9847129757440611,0.4052763057240502,0.7652592843493717,13161,NO3N,temporal,0.9764455588481118,20.59744170932318
substitute_censor,1243,0.0785004849892936,0.1548393554284041,-0.0368414436749031,0.0615252748790888,1327,TP,spatial,0.9314242652599848,0.3049907758486938
substitute_censor,1680,0.0902076139507258,0.2146504003883975,0.025277445347851,0.1744700961448053,1733,TP,spatial_temporal,0.9117137911136756,0.279103394403547
substitute_censor,10883,0.1154509089540186,0.2806171778089486,0.1388244815581925,0.5386238458374198,12540,TP,temporal,0.8962519936204146,0.3246127229901404
substitute_censor,1106,1.7118580205583973,2.184554451347658,0.0956043257819644,0.5362867444055598,1106,O2-Dis,spatial,0.9113924050632912,7.154009431985773
substitute_censor,1270,1.635569955356753,2.097283499925603,0.1663535119420883,0.4578331352897242,1272,O2-Dis,spatial_temporal,0.8907232704402516,7.096749757024215
substitute_censor,9819,1.4996708190489478,2.0376928571918143,0.2967623040791347,0.5815018716231297,9824,O2-Dis,temporal,0.9473737785016286,9.138938895438274
substitute_censor,241,9.628867342654992,13.908095316698098,0.116090435641885,0.0241877199072362,276,TSS,spatial,0.7681159420289855,41.09529281108633
substitute_censor,256,8.278315910083416,12.92060156377766,-0.1401927716108055,-0.1334087778563646,290,TSS,spatial_temporal,0.8241379310344827,41.59591277972569
substitute_censor,2611,17.41968919991764,50.15423365817799,-0.0265218888629479,0.5141982849479214,4238,TSS,temporal,0.8775365738555923,37.24738872976565
substitute_censor,449,4.010199504646229,4.972776619862978,0.5119600457723639,0.7400229676489808,449,TEMP,spatial,0.8685968819599109,15.39859583135788
substitute_censor,495,4.129677849530235,5.090766410604936,0.4225762099039792,0.6873968997572435,495,TEMP,spatial_temporal,0.8747474747474747,15.218751954783334
substitute_censor,7259,3.48313886458531,4.496859756461951,0.5061131039182317,0.717565724549278,7259,TEMP,temporal,0.9373191899710704,16.69548343923153
substitute_censor,1057,0.2431807117825826,0.3668332344577143,0.4192484892707988,0.622310897584704,1057,pH,spatial,0.9082308420056764,1.071817350750035
substitute_censor,1136,0.2263014109987249,0.3136931673678587,0.4587324995380993,0.6005296993181292,1136,pH,spatial_temporal,0.9242957746478874,1.085729060730079
substitute_censor,10040,0.2493294774418981,0.3381208589311841,0.5181715191883807,0.6269042677877762,10040,pH,temporal,0.8620517928286853,0.94353388653258
substitute_censor,1053,1104.189198513506,6251.513283796667,0.0376253265005444,0.6386640506715732,1053,EC,spatial,0.8955365622032289,851.9218927375784
substitute_censor,1159,262.7821253692736,801.9782312824854,0.1652804206768939,0.667993722232185,1159,EC,spatial_temporal,0.910267471958585,833.6869249798631
substitute_censor,9844,214.1438450233899,1070.6184701531045,0.126344271745692,0.766142985171197,9844,EC,temporal,0.8587972368955709,569.2589226523837
no_groupdro,1683,1.4343434706189024,2.4071376799075104,-0.0836034484351659,0.1361163091403345,1749,NO3N,spatial,0.9313893653516296,8.331068398767734
no_groupdro,1636,1.808871224992543,2.9864456601988127,-0.2518898254411772,0.1856541924323451,1697,NO3N,spatial_temporal,0.9045374189746612,7.713939437254442
no_groupdro,12490,0.8422747208550148,1.7346981501524283,0.545673934151877,0.8312131499169398,13161,NO3N,temporal,0.9436213053719322,7.250487931590771
no_groupdro,1243,0.0715324480392565,0.1498988572670884,0.0282684965523766,0.3043443013902835,1327,TP,spatial,0.9525244913338358,0.3156836804787874
no_groupdro,1680,0.0934059120749289,0.2169937117748616,0.0038794329961669,0.1933855533952443,1733,TP,spatial_temporal,0.9394114252740912,0.3279670683869714
no_groupdro,10883,0.0804124923099104,0.2547108712901136,0.2904906338554675,0.7125100972529623,12540,TP,temporal,0.9185805422647528,0.2548002575053321
no_groupdro,1106,1.9918840582443105,2.497372851813556,-0.1819510766727208,0.4445489678699139,1106,O2-Dis,spatial,0.903254972875226,7.578667219962233
no_groupdro,1270,1.9467803255552047,2.410225294335026,-0.1009888593740262,0.3020537393483161,1272,O2-Dis,spatial_temporal,0.8852201257861635,7.631953556368964
no_groupdro,9819,1.29510497216616,1.837644559907164,0.4280636194668121,0.6835175421772247,9824,O2-Dis,temporal,0.9153094462540716,5.943859702189922
no_groupdro,241,9.06170059687032,13.696909239981569,0.1427299081970562,0.0900490594897216,276,TSS,spatial,0.8115942028985508,36.57883081546002
no_groupdro,256,7.522226973484541,12.6630320446226,-0.0951868655938168,-0.0579127512900823,290,TSS,spatial_temporal,0.8551724137931035,36.6604351875899
no_groupdro,2611,16.659142828949804,49.74618009063169,-0.0098863266547954,0.6092170456037522,4238,TSS,temporal,0.924964605946201,35.452183034669346
no_groupdro,449,3.444567701055316,4.272110402555602,0.6398010762245372,0.8175637434687697,449,TEMP,spatial,0.8930957683741648,12.654729572021258
no_groupdro,495,3.4254916065266627,4.211519837646231,0.6048099198979013,0.7945474101672946,495,TEMP,spatial_temporal,0.8666666666666667,12.183656297774844
no_groupdro,7259,2.9052986753985945,3.789333643670436,0.6493010156207879,0.8070754158635897,7259,TEMP,temporal,0.8772558203609313,11.142606007855996
no_groupdro,1057,0.2279127179823904,0.3502102777047516,0.4706891790666886,0.680113916095792,1057,pH,spatial,0.8845789971617786,0.9345025141944424
no_groupdro,1136,0.1980309089833487,0.2784651173102518,0.5734760402974728,0.6601660942008756,1136,pH,spatial_temporal,0.9102112676056338,0.9298169088734046
no_groupdro,10040,0.2186512699779878,0.3084801097055006,0.5989459801214555,0.7159190062305871,10040,pH,temporal,0.8712151394422311,0.8457310893369785
no_groupdro,1053,928.909557773741,5577.659544738313,0.2339133889588158,0.8251483864639764,1053,EC,spatial,0.8537511870845205,784.3945262951339
no_groupdro,1159,187.61944490590568,658.9996962028688,0.4363806831984542,0.8516183598051439,1159,EC,spatial_temporal,0.8843830888697153,509.99855094761455
no_groupdro,9844,160.83906475553297,930.7522222646256,0.3397034480480692,0.8677537651895861,9844,EC,temporal,0.7961194636326696,364.13166264968623
histgb,1683,1.279187091208092,2.236449112772493,0.0646232798674372,0.5604654163175958,1749,NO3N,spatial,0.8759291023441966,3.667749915873774
histgb,12490,0.7691074021537007,1.6073380086990268,0.6099374391391796,0.8575197902037962,13161,NO3N,temporal,0.966036015500342,4.936307737801712
histgb,1636,1.683871741549842,2.777550832460781,-0.0828814093160772,0.4778289622469877,1697,NO3N,spatial_temporal,0.8090748379493223,3.733427257349249
histgb,1243,0.0800913154575568,0.1569036563012432,-0.0646719801724307,0.3460115329285066,1327,TP,spatial,0.9932177844762624,0.6278070134834123
histgb,10883,0.0752457737626658,0.242090377335137,0.3590587607861832,0.7830380889594858,12540,TP,temporal,0.9831738437001596,0.6265152520930046
histgb,1680,0.091610114068132,0.2146502066372841,0.0252792616380376,0.3782856387020078,1733,TP,spatial_temporal,0.9861511829197924,0.6177684110576557
histgb,1106,1.6923129176574634,2.183216342994154,0.0967119406339465,0.5127871576930987,1106,O2-Dis,spatial,0.9484629294755876,9.057682179360429
histgb,9819,1.1928200632791088,1.727291474501651,0.4946922296362857,0.7357840171329874,9824,O2-Dis,temporal,0.9574511400651464,8.718774284211117
histgb,1270,1.6480397425689612,2.1445289327234898,0.1283714097650382,0.4876754294440947,1272,O2-Dis,spatial_temporal,0.9331761006289307,8.712190488620426
histgb,241,8.309217586689522,14.169676989473054,0.0825288624912194,0.4344833233807704,276,TSS,spatial,0.9057971014492754,44.76686104796959
histgb,2611,15.39501927317709,47.76116199295516,0.0691005668006302,0.6912448063107873,4238,TSS,temporal,0.9459650778669184,58.41509443713613
histgb,256,6.242507535140515,11.85375497493847,0.0403239310199631,0.2790047065388156,290,TSS,spatial_temporal,0.9310344827586208,41.92140005583128
histgb,449,2.059196466093153,2.8158180553126817,0.8435171807973922,0.9169416835839928,449,TEMP,spatial,0.9265033407572384,9.980126514482368
histgb,7259,2.490298761209813,3.1538358442377485,0.7570667379353347,0.865234690044656,7259,TEMP,temporal,0.8875878220140515,9.980126514482368
histgb,495,2.1986126432263484,2.8898027856199437,0.8139349744502775,0.8973716452617784,495,TEMP,spatial_temporal,0.9030303030303032,9.98012651448237
histgb,1057,0.2526956494606719,0.3694415265429018,0.4109604443779635,0.6544077791140889,1057,pH,spatial,0.923368022705771,1.210639495239485
histgb,10040,0.220167281469668,0.3105937167889269,0.593431389719864,0.7048270344798324,10040,pH,temporal,0.9421314741035856,1.2106394952394852
histgb,1136,0.2080110842273801,0.2894785581692909,0.5390703980326446,0.6390086868914261,1136,pH,spatial_temporal,0.949823943661972,1.2106394952394852
histgb,1053,925.6601730829344,5370.516307282491,0.2897587190847912,0.8278641652208201,1053,EC,spatial,0.9344729344729344,1065.0546452958586
histgb,9844,132.18036927384765,484.4774021992941,0.8210969154110757,0.8965737632347894,9844,EC,temporal,0.9592645266151972,788.9785985756324
histgb,1159,180.733037090466,596.7676639328021,0.5378042112167842,0.874390313302184,1159,EC,spatial_temporal,0.9603106125970664,852.5971981169097
